Workbook

Sheet Data
A1: Variable 2 — Cloud Infrastructure Concentration: HHI Analysis (2017–2024)
A2: Research: "To what extent has the growth of cyberattacks and infrastructure disruptions outpaced institutional defensive and regulatory capacity?" (2015–2025)
A3: Color key: Blue = hardcoded input Black = formula Green = cross-sheet ref Red background = methodological flag
A4: Year | B4: AWS (%) | C4: Azure (%) | D4: GCP (%) | E4: CR3 (%) | F4: HHI | G4: Source Note
A5: 2017 | B5: 33 | C5: 12 | D5: 6 | E5: =B5+C5+D5 -> 51 | F5: =B5^2+C5^2+D5^2 -> 1269 | G5: Primary — Synergy Research Group; Canalys Q4 2017 (GCP baseline confirmed)
A6: 2018 | B6: 33 | C6: 13 | D6: 7 | E6: =B6+C6+D6 -> 53 | F6: =B6^2+C6^2+D6^2 -> 1307 | G6: Interpolated — Synergy Q1 2022 press release: Azure +~2 pp/yr, GCP +~1 pp/yr stated rate
A7: 2019 | B7: 33 | C7: 15 | D7: 8 | E7: =B7+C7+D7 -> 56 | F7: =B7^2+C7^2+D7^2 -> 1378 | G7: Interpolated — Synergy Q1 2022 press release rate-of-change
A8: 2020 | B8: 33 | C8: 17 | D8: 8 | E8: =B8+C8+D8 -> 58 | F8: =B8^2+C8^2+D8^2 -> 1442 | G8: Interpolated — Synergy Q1 2022 press release rate-of-change
A9: 2021 | B9: 33 | C9: 19 | D9: 9 | E9: =B9+C9+D9 -> 61 | F9: =B9^2+C9^2+D9^2 -> 1531 | G9: Interpolated — Synergy Q1 2022 press release rate-of-change
A10: 2022 | B10: 33 | C10: 21 | D10: 9 | E10: =B10+C10+D10 -> 63 | F10: =B10^2+C10^2+D10^2 -> 1611 | G10: Primary — Synergy Research Group; businesstats.com CR3 cross-check (63% confirmed)
A11: 2023 | B11: 31 | C11: 24 | D11: 11 | E11: =B11+C11+D11 -> 66 | F11: =B11^2+C11^2+D11^2 -> 1658 | G11: Primary — AAG-IT citing Synergy (AWS 31%, Azure 23%+); holori.com GCP cross-check
A12: 2024 | B12: 30 | C12: 21 | D12: 12 | E12: =B12+C12+D12 -> 63 | F12: =B12^2+C12^2+D12^2 -> 1485 | G12: Primary — Synergy Research Group Q4 2024 press release †RECLASSIFICATION — see note below
A14: METHODOLOGY NOTES
A15: † | B15: 2024 RECLASSIFICATION: Synergy Research Group reclassified a portion of Azure revenues from IaaS/PaaS to SaaS in 2024, producing an apparent drop in Azure share from 24% (2023) to 21% (2024) despite continued absolute revenue growth. The 2024 HHI (1,485) reflects this artifact. Primary trend is 2017–2023 for OLS purposes.
A16: HHI | B16: Formula: Σ(sᵢ²) where sᵢ = each provider's market share as whole-number percentage points. Big Three only. Full-market HHI follows the same directional trend.
A17: CR3 | B17: Concentration Ratio (top 3) = AWS + Azure + GCP combined share. Rising from 51% (2017) to 66% (2023) corroborates HHI trend independently.
A18: Sources | B18: Synergy Research Group press releases: srgresearch.com/articles (free, no paywall). Canalys Q4 2017. holori.com/cloud-market-share-2024-aws-azure-gcp (Synergy-citing). 2018–2021 interpolated from Synergy Q1 2022 stated annual rate-of-change.

Sheet OLS Regression
A1: OLS Regression: HHI ~ Year (2017–2023)
A2: Dependent variable: HHI (Big Three cloud concentration index). Independent variable: Year. n=7. 2024 excluded — Azure reclassification artifact.
A3: Color key: Black = formula Green = cross-sheet reference
A4: REGRESSION OUTPUT
A5: Statistic | B5: Value | C5: Excel Formula | D5: Interpretation
A6: β₁ — Slope (HHI / year) | B6: =SLOPE(Data!F5:F11,Data!A5:A11) -> 68.857143 | C6: =SLOPE(Data!F5:F11,Data!A5:A11) -> 68.857143 | D6: Avg. annual HHI increase — the primary trend coefficient
A7: β₀ — Intercept | B7: =INTERCEPT(Data!F5:F11,Data!A5:A11) -> -137634.86 | C7: =INTERCEPT(Data!F5:F11,Data!A5:A11) -> -137634.86 | D7: Theoretical HHI at year 0 (no standalone interpretation)
A8: R² (Coefficient of Determination) | B8: =RSQ(Data!F5:F11,Data!A5:A11) -> 0.99144789 | C8: =RSQ(Data!F5:F11,Data!A5:A11) -> 0.99144789 | D8: Proportion of HHI variance explained by year alone
A9: SE Regression — STEYX | B9: =STEYX(Data!F5:F11,Data!A5:A11) -> 15.13369 | C9: =STEYX(Data!F5:F11,Data!A5:A11) -> 15.13369 | D9: Average size of residuals — goodness of fit
A10: n (observations used) | B10: =COUNT(Data!F5:F11) -> 7 | C10: =COUNT(Data!F5:F11) -> 7 | D10: 2017–2023 only (2024 excluded)
A11: DEVSQ(x) — Σ(yearᵢ − ȳear)² | B11: =DEVSQ(Data!A5:A11) -> 28 | C11: =DEVSQ(Data!A5:A11) -> 28 | D11: Sum of squared deviations of year values from mean year
A12: SE(β₁) — Standard Error of Slope | B12: =B9/SQRT(B11) -> 2.8599986 | C12: B9/SQRT(B11) [STEYX / SQRT(DEVSQ(x))] | D12: Sampling uncertainty around the slope estimate
A13: t-statistic (β₁) | B13: =B6/B12 -> 24.075936 | C13: B6/B12 [slope / SE(slope)] | D13: Tests whether slope differs significantly from zero
A14: p-value (two-tailed) | B14: =TDIST(ABS(B13),B10-2,2) -> 2.3035295e-06 | C14: TDIST(ABS(B13), B10-2, 2) [two-tailed, df = n-2] | D14: Probability of this trend occurring by chance; <0.05 = significant
A16: PREDICTED vs ACTUAL HHI — 2017–2023
A17: Year | B17: Actual HHI | C17: Predicted HHI | D17: Residual
A18: =Data!A5 -> 2017 | B18: =Data!F5 -> 1269 | C18: =$B$7+$B$6*Data!A5 -> 1250 | D18: =B18-C18 -> 19
A19: =Data!A6 -> 2018 | B19: =Data!F6 -> 1307 | C19: =$B$7+$B$6*Data!A6 -> 1318.8571 | D19: =B19-C19 -> -11.857143
A20: =Data!A7 -> 2019 | B20: =Data!F7 -> 1378 | C20: =$B$7+$B$6*Data!A7 -> 1387.7143 | D20: =B20-C20 -> -9.7142857
A21: =Data!A8 -> 2020 | B21: =Data!F8 -> 1442 | C21: =$B$7+$B$6*Data!A8 -> 1456.5714 | D21: =B21-C21 -> -14.571429
A22: =Data!A9 -> 2021 | B22: =Data!F9 -> 1531 | C22: =$B$7+$B$6*Data!A9 -> 1525.4286 | D22: =B22-C22 -> 5.5714286
A23: =Data!A10 -> 2022 | B23: =Data!F10 -> 1611 | C23: =$B$7+$B$6*Data!A10 -> 1594.2857 | D23: =B23-C23 -> 16.714286
A24: =Data!A11 -> 2023 | B24: =Data!F11 -> 1658 | C24: =$B$7+$B$6*Data!A11 -> 1663.1429 | D24: =B24-C24 -> -5.1428571
A26: INTERPRETATION NOTES
A27: β₁: For every one-year increase in the observation window, the Big Three cloud HHI increased by approximately [β₁] points on average. Report as: "HHI increased by X points/year (β₁=X, R²=X, p<0.05)."
A28: R²: A value close to 1.0 indicates year alone explains most of the variance in HHI — the concentration trend is strongly linear over 2017–2023. Expected >0.95.
A29: p-value: Expected <0.001 despite n=7, because the trend is very consistent. Acknowledged limitation: low statistical power. Treat as descriptive-quantitative rather than strict inferential claim.
A30: Limitation: n=7 data points. OLS is underpowered for strong inference. Report β₁ with SE and p-value, and note limited statistical power explicitly in the paper's methodology section.

Sheet Key Findings
A1: Variable 2 — Key Findings Summary
A2: Cloud Infrastructure Market Concentration (HHI Analysis) | Source: Synergy Research Group quarterly press releases (srgresearch.com/articles)
A4: HEADLINE METRICS (2017 vs 2023)
A5: Metric | B5: 2017 (baseline) | C5: 2023 (peak) | D5: Change
A6: HHI (Big Three) | B6: =Data!F5 -> 1269 | C6: =Data!F11 -> 1658 | D6: =(C6-B6)/B6 -> 0.30654058
A7: CR3 Combined Share | B7: =Data!E5 -> 51 | C7: =Data!E11 -> 66 | D7: =C7-B7 -> 15
A8: AWS Market Share | B8: =Data!B5 -> 33 | C8: =Data!B11 -> 31 | D8: =C8-B8 -> -2
A9: Azure Market Share | B9: =Data!C5 -> 12 | C9: =Data!C11 -> 24 | D9: =C9-B9 -> 12
A10: GCP Market Share | B10: =Data!D5 -> 6 | C10: =Data!D11 -> 11 | D10: =C10-B10 -> 5
A12: OLS REGRESSION SUMMARY (see 'OLS Regression' sheet)
A13: Statistic | B13: Value | D13: Note
A14: β₁ — Slope (HHI/year) | B14: ='OLS Regression'!B6 -> 68.857143 | D14: Avg. annual HHI increase, 2017–2023
A15: R² (variance explained) | B15: ='OLS Regression'!B8 -> 0.99144789 | D15: Goodness of fit — proportion of variance explained by year
A16: p-value (two-tailed) | B16: ='OLS Regression'!B14 -> 2.3035295e-06 | D16: Statistical significance; <0.05 = significant trend
A17: n (observations) | B17: ='OLS Regression'!B10 -> 7 | D17: 2017–2023 only; 2024 excluded due to reclassification
A19: RESEARCH CONTEXT
A20: Variable role | B20: Variable 2 of 3. Measures structural blast radius — not outage frequency directly, but the concentration of infrastructure that amplifies the impact of any single failure (malicious or non-malicious).
A21: Theoretical link | B21: Rising HHI operationalises the efficiency-fragility tradeoff: as digital workloads concentrate in fewer providers for efficiency, the blast radius of any cascade or outage grows proportionally.
A22: Case study connection | B22: Connects to: 2022 Kakao data center fire (single-facility SPOF), 2024 CrowdStrike update cascade (single-vendor failure → global aviation, finance, healthcare), Canvas/Instructure LMS (platform-dependency cascade).
A23: Limitations | B23: n=7 for OLS (low statistical power). 2024 HHI affected by Synergy's Azure reclassification. 2018–2021 shares interpolated, not confirmed from primary Synergy press releases. All limitations noted explicitly in paper methodology.
